Domain,Status,Attractiveness,Demand,Length,Sectors,Created,Expires,Registrar
one.makeup,available,132,43%,3,"Business,General,Media,Technology",,,
brief.makeup,available,124,19%,5,"Business,Education,General,Law",,,
complete.makeup,available,120,21%,8,"Manufacturing,Retail,Technology",,,
second.makeup,available,120,23%,6,"General,Mathematics",,,
wizard.makeup,available,118,42%,6,"Entertainment,Media,Technology",,,
equal.makeup,available,116,19%,5,"Education,General,Law",,,
tenth.makeup,available,116,7%,5,Mathematics,,,
flat.makeup,available,116,23%,4,"Construction,Real Estate",,,
tonic.makeup,available,114,22%,5,"Health and Fitness,Medicine,Science",,,
acute.makeup,available,112,9%,5,"Mathematics,Medicine,Science",,,
hotshot.makeup,available,112,14%,7,"Business,Entertainment,Sports",,,
above.makeup,available,112,22%,5,Business,,,
abstract.makeup,available,108,29%,8,"Arts,Humanities,Science",,,
abiding.makeup,available,106,5%,7,"General,Religion",,,
teen.makeup,available,104,14%,4,"Education,Entertainment,Healthcare",,,
active.makeup,available,104,27%,6,"Health and Fitness,Sports,Travel",,,
expert.makeup,available,104,26%,6,"Business,Education,Technology",,,
eight.makeup,available,102,23%,5,"General,Mathematics",,,
absent.makeup,available,102,8%,6,"Business,Education,Technology",,,
crack.makeup,available,100,20%,5,Sports,,,
abrupt.makeup,available,100,3%,6,"Medicine,Science",,,
ninth.makeup,available,100,9%,5,Mathematics,,,
third.makeup,available,100,15%,5,Mathematics,,,
eighth.makeup,available,100,6%,6,Mathematics,,,
sixth.makeup,available,100,8%,5,Mathematics,,,
whiz.makeup,available,100,12%,4,"Business,Education,Technology",,,
adjunct.makeup,available,100,5%,7,Education,,,
whizz.makeup,available,98,11%,5,"Business,Education,Technology",,,
alamode.makeup,available,96,12%,9,Fashion,,,
academic.makeup,available,96,20%,8,"Education,Humanities,Science",,,
doable.makeup,available,96,9%,6,"Business,Education,Technology",,,
forgiving.makeup,available,96,3%,9,"Healthcare,Religion",,,
actual.makeup,available,96,22%,6,"Real Estate,Retail,Technology",,,
about.makeup,available,94,28%,5,"Business,General,Media,Technology",,,
virtuoso.makeup,available,94,16%,8,"Arts,Entertainment",,,
adequate.makeup,available,94,9%,8,"Education,Healthcare,Technology",,,
around.makeup,available,94,22%,6,"Business,General,Media,Technology",,,
abject.makeup,available,94,7%,6,Humanities,,,
next.makeup,available,92,43%,4,"Retail,Technology,Transportation",,,
abroad.makeup,available,92,12%,6,"Hospitality,Travel",,,
exemplary.makeup,available,92,5%,9,"Business,Education,Healthcare",,,
neutral.makeup,available,92,20%,7,"Business,Media,Politics",,,
adjective.makeup,available,92,5%,9,Education,,,
derelict.makeup,available,92,7%,8,"Construction,Real Estate",,,
twentieth.makeup,available,92,3%,9,Mathematics,,,
adept.makeup,available,92,24%,5,"Education,Health and Fitness,Sports",,,
nought.makeup,available,92,4%,6,Mathematics,,,
addictive.makeup,available,90,9%,9,Healthcare,,,
riveting.makeup,available,90,6%,8,"Entertainment,Media,Technology",,,
adoring.makeup,available,90,2%,7,"Entertainment,Fashion,Retail",,,
endearing.makeup,available,90,1%,9,"Entertainment,Fashion,Retail",,,
clear.makeup,available,90,47%,5,"Manufacturing,Retail,Technology",,,
additional.makeup,available,90,8%,10,"Fashion,Retail,Technology",,,
gripping.makeup,available,90,3%,8,"Entertainment,Media,Technology",,,
leash.makeup,available,90,7%,5,"General,Health and Fitness,Retail",,,
abortive.makeup,available,90,1%,8,"Medicine,Science",,,
wide.makeup,available,88,18%,4,"Business,Media,Technology",,,
fifteen.makeup,available,88,13%,7,Mathematics,,,
adlib.makeup,available,88,7%,6,Entertainment,,,
twelve.makeup,available,88,18%,6,"General,Mathematics",,,
three.makeup,available,88,23%,5,Mathematics,,,
proficient.makeup,available,88,8%,10,"Education,Health and Fitness,Sports",,,
activist.makeup,available,88,12%,8,"Humanities,Politics",,,
hundred.makeup,available,88,13%,7,Mathematics,,,
actionable.makeup,available,88,13%,10,"Business,Law",,,
eleven.makeup,available,88,32%,6,Mathematics,,,
ace.makeup,available,88,34%,3,Sports,,,
ten.makeup,available,88,27%,3,"General,Mathematics",,,
engrossing.makeup,available,86,0%,10,"Entertainment,Media,Technology",,,
xiv.makeup,available,86,12%,3,Mathematics,,,
extempore.makeup,available,86,3%,9,Entertainment,,,
adolescent.makeup,available,86,3%,10,"Education,Entertainment,Healthcare",,,
xix.makeup,available,86,10%,3,Mathematics,,,
star.makeup,available,86,40%,4,"Entertainment,Media,Sports",,,
recondite.makeup,available,86,4%,9,"Arts,Humanities,Science",,,
aboriginal.makeup,available,86,10%,10,Humanities,,,
attendant.makeup,available,86,5%,9,"Healthcare,Hospitality,Transportation",,,
intent.makeup,available,86,25%,6,"Business,Education,Technology",,,
fourteen.makeup,available,84,8%,8,Mathematics,,,
thirteen.makeup,available,84,10%,8,Mathematics,,,
adjustable.makeup,available,84,3%,10,"Manufacturing,Retail,Technology",,,
deviate.makeup,available,84,12%,7,"Medicine,Science",,,
nineteen.makeup,available,84,8%,8,Mathematics,,,
grand.makeup,available,84,25%,5,"Finance,General",,,
twentytwo.makeup,available,84,10%,10,Mathematics,,,
seventeen.makeup,available,84,7%,9,Mathematics,,,
sharp.makeup,available,84,34%,5,"Arts,Fashion",,,
accessory.makeup,available,84,8%,9,"Fashion,Retail,Technology",,,
twentyone.makeup,available,84,13%,10,Mathematics,,,
thousand.makeup,available,84,8%,8,Mathematics,,,
absorbent.makeup,available,82,3%,9,"Healthcare,Manufacturing,Retail",,,
abenaki.makeup,available,82,2%,7,Geography,,,
abdominal.makeup,available,82,1%,9,"Health and Fitness,Medicine",,,
fivesome.makeup,available,82,1%,8,Sports,,,
impromptu.makeup,available,82,16%,9,Entertainment,,,
decade.makeup,available,82,10%,6,Mathematics,,,
cleansing.makeup,available,82,3%,9,Health and Fitness,,,
altered.makeup,available,82,9%,7,"Medicine,Science",,,
abroach.makeup,available,82,1%,7,Food and Beverage,,,
dozen.makeup,available,82,10%,5,Mathematics,,,
enduring.makeup,available,82,9%,8,"Health and Fitness,Religion",,,
abkhaz.makeup,available,82,1%,6,Geography,,,
good.makeup,available,82,47%,4,"Food and Beverage,General,Health and Fitness,Retail",,,
sequent.makeup,available,80,7%,7,"Healthcare,Insurance,Transportation",,,
seventh.makeup,available,80,10%,7,Mathematics,,,
first.makeup,available,80,34%,5,"General,Mathematics",,,
twenty.makeup,available,80,12%,6,Mathematics,,,
absorbable.makeup,available,80,0%,10,"Healthcare,Pharmaceuticals,Science",,,
wiz.makeup,available,80,30%,3,"Business,Education,Technology",,,
two.makeup,available,80,23%,3,Mathematics,,,
capable.makeup,available,80,12%,7,"Business,Education,Technology",,,
superstar.makeup,available,80,18%,9,Entertainment,,,
forty.makeup,available,80,9%,5,Mathematics,,,
dorsal.makeup,available,80,6%,6,"Medicine,Science",,,
trio.makeup,available,80,21%,4,Entertainment,,,
nine.makeup,available,80,24%,4,"General,Mathematics",,,
absurd.makeup,available,80,16%,6,"Arts,Entertainment,Media",,,
adoptable.makeup,available,80,3%,9,"Education,Healthcare",,,
worshipful.makeup,available,80,1%,10,"Education,Healthcare,Religion",,,
able.makeup,available,80,29%,4,"Business,Education,General,Technology",,,
abundant.makeup,available,80,19%,8,"Agriculture,Manufacturing,Retail",,,
absolute.makeup,available,80,25%,8,"Engineering,Mathematics,Science",,,
accepted.makeup,available,78,6%,8,"Business,Education,Technology",,,
athletic.makeup,available,78,15%,8,"Health and Fitness,Sports",,,
honestly.makeup,available,78,9%,8,"Business,Law",,,
adjacent.makeup,available,78,9%,8,"Construction,Real Estate,Retail",,,
acceptable.makeup,available,78,5%,10,"Business,Hospitality,Retail",,,
sixtynine.makeup,available,78,8%,10,Mathematics,,,
accurate.makeup,available,78,16%,8,"Engineering,Mathematics,Science",,,
adorable.makeup,available,78,8%,8,"Entertainment,Fashion,Retail",,,
absorptive.makeup,available,78,1%,10,"Healthcare,Manufacturing,Retail",,,
accessible.makeup,available,78,21%,10,"Healthcare,Retail,Technology",,,
abounding.makeup,available,78,2%,9,Agriculture,,,
accidental.makeup,available,78,11%,10,"Healthcare,Insurance,Transportation",,,
recognized.makeup,available,78,3%,10,"Business,Education,Technology",,,
recognised.makeup,available,78,3%,10,"Business,Education,Technology",,,
dormant.makeup,available,78,4%,7,"Medicine,Science",,,
low.makeup,available,78,20%,3,"Business,Finance",,,
abkhasian.makeup,available,78,1%,9,Geography,,,
acceptant.makeup,available,78,1%,9,"Education,Healthcare",,,
abkhazian.makeup,available,78,1%,9,Geography,,,
twentysix.makeup,available,78,8%,10,Mathematics,,,
adrenal.makeup,available,78,4%,7,"Education,Healthcare,Science",,,
ventral.makeup,available,76,3%,7,Science,,,
adaptive.makeup,available,76,28%,8,"Business,Education,Technology",,,
ancillary.makeup,available,76,6%,9,"Healthcare,Manufacturing,Technology",,,
adherent.makeup,available,76,4%,8,"Politics,Religion",,,
improvise.makeup,available,76,4%,9,Entertainment,,,
abrasive.makeup,available,76,6%,8,"Construction,Manufacturing",,,
fourteenth.makeup,available,76,2%,10,Mathematics,,,
eighteen.makeup,available,76,7%,8,Mathematics,,,
energizing.makeup,available,76,3%,10,"Food and Beverage,Health and Fitness,Travel",,,
resultant.makeup,available,76,2%,9,"Healthcare,Insurance,Transportation",,,
thousandth.makeup,available,76,1%,10,Mathematics,,,
auxiliary.makeup,available,76,7%,9,"Healthcare,Manufacturing,Technology",,,
acoustic.makeup,available,76,14%,8,Science,,,
hundredth.makeup,available,76,1%,9,Mathematics,,,
firstrate.makeup,available,76,6%,10,Business,,,
threed.makeup,available,76,7%,7,Technology,,,
nineteenth.makeup,available,76,3%,10,Mathematics,,,
obscene.makeup,available,76,5%,7,"Entertainment,Media",,,
fifteenth.makeup,available,76,2%,9,Mathematics,,,
adhesive.makeup,available,76,7%,8,"Construction,Manufacturing,Technology",,,
addable.makeup,available,76,2%,7,"Engineering,Mathematics,Science",,,
adipose.makeup,available,76,2%,7,"Healthcare,Science",,,
diamond.makeup,available,76,32%,7,Fashion,,,
adaptable.makeup,available,76,9%,9,"Business,Education,Technology",,,
ague.makeup,available,76,2%,4,"Geography,Medicine,Science",,,
incidental.makeup,available,76,4%,10,"Healthcare,Insurance,Transportation",,,
thirteenth.makeup,available,76,3%,10,Mathematics,,,
playing.makeup,available,74,12%,7,Entertainment,,,
adenoid.makeup,available,74,1%,7,"Health and Fitness,Medicine,Science",,,
abnormal.makeup,available,74,16%,8,"Medicine,Science",,,
supra.makeup,available,74,25%,5,"Medicine,Science",,,
accepting.makeup,available,74,3%,9,"Education,Healthcare",,,
cleared.makeup,available,74,7%,7,"Healthcare,Law,Transportation",,,
activated.makeup,available,74,9%,9,"Healthcare,Manufacturing,Technology",,,
single.makeup,available,74,19%,6,Sports,,,
sensation.makeup,available,74,7%,9,"Entertainment,Media,Sports",,,
adrenergic.makeup,available,74,1%,10,"Education,Healthcare,Science",,,
skilful.makeup,available,74,3%,7,"Education,Health and Fitness,Sports",,,
mavin.makeup,available,74,7%,5,"Entertainment,Fashion,Technology",,,
aberrant.makeup,available,74,6%,8,"Medicine,Science",,,
realizable.makeup,available,74,1%,10,"Business,Education,Technology",,,
manageable.makeup,available,74,4%,10,"Business,Education,Technology",,,
broad.makeup,available,74,13%,5,"Entertainment,General,Media",,,
admirable.makeup,available,74,5%,9,"Business,Education,Healthcare",,,
acuate.makeup,available,74,2%,6,"Engineering,Medicine,Science",,,
adamant.makeup,available,74,14%,7,Religion,,,
achievable.makeup,available,74,4%,10,"Business,Education,Technology",,,
adapted.makeup,available,74,6%,7,"Healthcare,Manufacturing,Technology",,,
adiabatic.makeup,available,72,3%,9,"Engineering,Science",,,
engrossed.makeup,available,72,1%,9,"Entertainment,Media,Technology",,,
sixtieth.makeup,available,72,1%,8,Mathematics,,,
ninetieth.makeup,available,72,1%,9,Mathematics,,,
aching.makeup,available,72,4%,6,Healthcare,,,
absolutist.makeup,available,72,1%,10,"Humanities,Law,Politics",,,
accustomed.makeup,available,72,1%,10,"Business,Education,Humanities",,,
addicted.makeup,available,72,9%,8,Healthcare,,,
adjunctive.makeup,available,72,1%,10,"Healthcare,Manufacturing,Technology",,,
adjectival.makeup,available,72,1%,10,Education,,,
adaptative.makeup,available,72,1%,10,"Business,Education,Technology",,,
trinity.makeup,available,72,18%,7,Religion,,,
existent.makeup,available,72,3%,8,"Mathematics,Science",,,
seventieth.makeup,available,72,1%,10,Mathematics,,,
adonic.makeup,available,72,2%,6,"Arts,Education,Entertainment",,,
ternary.makeup,available,72,7%,7,Mathematics,,,
trey.makeup,available,72,13%,4,Sports,,,
accusative.makeup,available,72,0%,10,"Humanities,Law",,,
liv.makeup,available,72,28%,3,Mathematics,,,
ablaze.makeup,available,72,6%,6,Entertainment,,,
abreast.makeup,available,72,2%,7,"Business,Technology",,,
champion.makeup,available,72,28%,8,"Entertainment,Health and Fitness,Sports",,,
eightieth.makeup,available,72,1%,9,Mathematics,,,
improvize.makeup,available,72,1%,9,Entertainment,,,
abloom.makeup,available,72,5%,6,Agriculture,,,
absorbed.makeup,available,72,2%,8,"Entertainment,Media,Technology",,,
deep.makeup,available,72,41%,4,"Engineering,Mathematics,Science",,,
lovely.makeup,expiring,72,26%,6,"Entertainment,Fashion,Retail",04/09/2024 17:27,04/09/2025 23:59,Namecheap
abradant.makeup,available,70,1%,8,"Construction,Manufacturing",,,
consequent.makeup,available,70,3%,10,"Business,Education,General,Technology",,,
gymnastic.makeup,available,70,3%,9,"Entertainment,Sports",,,
accumbent.makeup,available,70,1%,9,"Healthcare,Medicine,Science",,,
adjusted.makeup,available,70,5%,8,"Manufacturing,Retail,Technology",,,
tiptop.makeup,available,70,24%,6,Fashion,,,
skillful.makeup,available,70,9%,8,"Education,Health and Fitness,Sports",,,
unity.makeup,available,70,38%,5,Mathematics,,,
absorbing.makeup,available,70,3%,9,"Entertainment,Media,Technology",,,
adored.makeup,available,70,6%,6,"Entertainment,Fashion,Retail",,,
adamantine.makeup,available,70,4%,10,Religion,,,
stillborn.makeup,available,70,2%,9,"Medicine,Science",,,
abulic.makeup,available,70,1%,6,Medicine,,,
admired.makeup,available,70,5%,7,"Business,Education,Healthcare",,,
offhand.makeup,available,70,2%,7,Entertainment,,,
lowdown.makeup,available,70,6%,8,"Entertainment,Media",,,
miserable.makeup,available,70,4%,9,Humanities,,,
acuminate.makeup,available,70,1%,9,"Engineering,Medicine,Science",,,
practiced.makeup,available,70,3%,9,"Education,Health and Fitness,Sports",,,
recumbent.makeup,available,70,2%,9,"Healthcare,Medicine,Science",,,
achaian.makeup,available,68,2%,7,Humanities,,,
aculeate.makeup,available,68,1%,8,"Engineering,Medicine,Science",,,
septenary.makeup,available,68,2%,9,Mathematics,,,
ablative.makeup,available,68,3%,8,Science,,,
vindicated.makeup,available,68,2%,10,"Humanities,Law,Politics",,,
achaean.makeup,available,68,2%,7,Humanities,,,
licenced.makeup,available,68,2%,8,"Business,Healthcare,Insurance",,,
activating.makeup,available,68,3%,10,"Healthcare,Manufacturing,Technology",,,
thirtieth.makeup,available,68,1%,9,Mathematics,,,
disciple.makeup,available,68,14%,8,"Education,Religion",,,
octonary.makeup,available,68,1%,8,Mathematics,,,
licensed.makeup,available,68,5%,8,"Business,Healthcare,Insurance",,,
ennead.makeup,available,68,5%,6,Mathematics,,,
overseas.makeup,available,68,12%,8,"Hospitality,Travel",,,
acerate.makeup,available,68,1%,7,Science,,,
abnaki.makeup,available,68,1%,6,Geography,,,
foursome.makeup,available,68,4%,8,Sports,,,
ane.makeup,available,68,12%,3,Mathematics,,,
scurvy.makeup,available,68,3%,6,Humanities,,,
abducent.makeup,available,68,0%,8,Medicine,,,
threesome.makeup,available,68,5%,9,Entertainment,,,
abkhas.makeup,available,68,0%,6,Geography,,,
decorated.makeup,available,68,3%,9,"Entertainment,Fashion,Retail",,,
fiftieth.makeup,available,68,1%,8,Mathematics,,,
aroused.makeup,available,68,3%,7,"Entertainment,Health and Fitness",,,
sevener.makeup,available,68,1%,7,Mathematics,,,
stygian.makeup,available,68,5%,7,Humanities,,,
accredited.makeup,available,68,9%,10,"Business,Education,Healthcare",,,
fortieth.makeup,available,68,1%,8,Mathematics,,,
aberdonian.makeup,available,68,1%,10,Geography,,,
acervate.makeup,available,66,1%,8,Science,,,
xii.makeup,available,66,10%,3,Mathematics,,,
xiii.makeup,available,66,9%,4,Mathematics,,,
abstinent.makeup,available,66,1%,9,"Health and Fitness,Religion",,,
acappella.makeup,available,66,6%,10,Entertainment,,,
xvi.makeup,available,66,4%,3,Mathematics,,,
sextet.makeup,available,66,2%,6,Entertainment,,,
five.makeup,available,66,26%,4,Mathematics,,,
according.makeup,available,66,3%,9,"Business,Education,Technology",,,
tenner.makeup,available,66,4%,6,Finance,,,
four.makeup,available,66,27%,4,Mathematics,,,
performing.makeup,available,66,6%,10,Entertainment,,,
latest.makeup,available,66,18%,6,Technology,,,
exonerated.makeup,available,66,2%,10,"Humanities,Law,Politics",,,
clv.makeup,available,66,10%,3,Mathematics,,,
onec.makeup,available,66,6%,5,Mathematics,,,
acrobatic.makeup,available,66,4%,9,"Entertainment,Sports",,,
xvii.makeup,available,66,5%,4,Mathematics,,,
deuce.makeup,available,66,8%,5,Sports,,,
modish.makeup,available,66,5%,6,Fashion,,,
xxii.makeup,available,66,6%,4,Mathematics,,,
fifty.makeup,available,66,13%,5,Mathematics,,,
adorned.makeup,available,66,5%,7,"Entertainment,Fashion,Retail",,,
accessary.makeup,available,66,1%,9,"Business,Law,Technology",,,
eighty.makeup,available,66,6%,6,Mathematics,,,
thirty.makeup,available,66,7%,6,Mathematics,,,
ninety.makeup,available,66,11%,6,Mathematics,,,
six.makeup,available,66,26%,3,Mathematics,,,
buzzing.makeup,available,66,7%,7,"Entertainment,Media,Technology",,,
teenager.makeup,available,66,4%,8,"Education,Entertainment,Healthcare",,,
xxi.makeup,available,66,10%,3,Mathematics,,,
xviii.makeup,available,66,4%,5,Mathematics,,,
adopted.makeup,available,66,4%,7,"Education,Healthcare",,,
xxvi.makeup,available,66,3%,4,Mathematics,,,
xxv.makeup,available,66,6%,3,Mathematics,,,
century.makeup,available,66,17%,7,Education,,,
adagio.makeup,available,64,14%,6,Entertainment,,,
absolved.makeup,available,64,1%,8,"Humanities,Law,Religion",,,
ccc.makeup,available,64,38%,3,Mathematics,,,
aflame.makeup,available,64,3%,6,Entertainment,,,
deviant.makeup,available,64,12%,7,"Medicine,Science",,,
astringent.makeup,available,64,1%,10,"Healthcare,Pharmaceuticals",,,
acentric.makeup,available,64,2%,8,Science,,,
rising.makeup,available,64,18%,6,"Construction,Manufacturing,Real Estate",,,
accordant.makeup,available,64,3%,9,"Arts,Entertainment",,,
scatty.makeup,available,64,1%,6,"Arts,Entertainment,Media",,,
nondrinker.makeup,available,64,1%,10,"Health and Fitness,Religion",,,
aufait.makeup,available,62,3%,7,"Fashion,Media",,,
quartet.makeup,available,62,7%,7,"Arts,Entertainment",,,
nail.makeup,available,62,16%,4,"Construction,Fashion,General,Retail",,,
chiliad.makeup,available,62,2%,7,Mathematics,,,
troika.makeup,available,62,8%,6,Politics,,,
eighteenth.makeup,available,62,1%,10,Mathematics,,,
acidic.makeup,available,62,5%,6,"Food and Beverage,Science",,,
eleventh.makeup,available,62,5%,8,Mathematics,,,
accrued.makeup,available,62,2%,7,"Banking,Finance,Insurance",,,
ensuant.makeup,available,62,1%,7,"Healthcare,Insurance,Transportation",,,
fortyfour.makeup,available,62,6%,10,Mathematics,,,
activistic.makeup,available,62,1%,10,"Humanities,Politics",,,
cumulative.makeup,available,62,2%,10,"Banking,Finance,Insurance",,,
roughly.makeup,available,62,3%,7,"Business,Media,Technology",,,
pungent.makeup,available,62,1%,7,Food and Beverage,,,
accusing.makeup,available,62,1%,8,Law,,,
longdozen.makeup,available,62,1%,10,Mathematics,,,
orso.makeup,available,62,9%,5,"Business,Media,Technology",,,
adjuvant.makeup,available,62,5%,8,"Healthcare,Manufacturing,Technology",,,
wrapped.makeup,available,62,13%,7,"Fashion,Hospitality,Retail",,,
sixteenth.makeup,available,62,1%,9,Mathematics,,,
activation.makeup,available,62,16%,10,"Healthcare,Manufacturing,Technology",,,
playacting.makeup,available,62,1%,10,Entertainment,,,
abo.makeup,available,62,15%,3,Science,,,
exculpated.makeup,available,62,1%,10,"Humanities,Law,Politics",,,
admissible.makeup,available,62,1%,10,"Education,Healthcare,Law",,,
twodozen.makeup,available,62,1%,9,Mathematics,,,
aborigine.makeup,available,62,1%,9,Humanities,,,
adoptive.makeup,available,62,1%,8,"Education,Healthcare",,,
cxxv.makeup,available,60,1%,4,Mathematics,,,
adnexal.makeup,available,60,1%,7,"Agriculture,Manufacturing,Retail",,,
xcl.makeup,available,60,5%,3,Mathematics,,,
thou.makeup,available,60,7%,4,Mathematics,,,
cxl.makeup,available,60,7%,3,Mathematics,,,
annexal.makeup,available,60,1%,7,"Agriculture,Manufacturing,Retail",,,
cxlv.makeup,available,60,2%,4,Mathematics,,,
clxx.makeup,available,60,2%,4,Mathematics,,,
cxx.makeup,available,60,9%,3,Mathematics,,,
cautionary.makeup,available,60,1%,10,"Business,Education,Healthcare",,,
abstainer.makeup,available,60,0%,9,"Health and Fitness,Religion",,,
cxxx.makeup,available,60,3%,4,Mathematics,,,
eightysix.makeup,available,60,7%,10,Mathematics,,,
clxv.makeup,available,60,1%,4,Mathematics,,,
abashed.makeup,available,60,1%,7,Humanities,,,
adnate.makeup,available,60,1%,6,"Agriculture,Manufacturing,Retail",,,
sixty.makeup,available,60,13%,5,Mathematics,,,
idolized.makeup,available,60,3%,8,"Entertainment,Fashion,Retail",,,
aboveboard.makeup,available,60,5%,10,"Business,Law",,,
octet.makeup,available,60,12%,5,Arts,,,
cxxxv.makeup,available,60,1%,5,Mathematics,,,
clx.makeup,available,60,8%,3,Mathematics,,,
tertiary.makeup,available,60,4%,8,Education,,,
abstemious.makeup,available,60,0%,10,"Food and Beverage,Health and Fitness,Hospitality",,,
idolised.makeup,available,60,1%,8,"Entertainment,Fashion,Retail",,,
paunchy.makeup,available,60,0%,7,"Health and Fitness,Medicine",,,
clxxv.makeup,available,60,1%,5,Mathematics,,,
cxv.makeup,available,60,4%,3,Mathematics,,,
clxxx.makeup,available,60,1%,5,Mathematics,,,
acceptive.makeup,available,60,1%,9,"Education,Healthcare",,,
tercet.makeup,available,59,2%,6,"Arts,Entertainment,Media",,,
abridged.makeup,available,58,4%,8,Media,,,
seven.makeup,available,58,35%,5,Mathematics,,,
tetrad.makeup,available,58,5%,6,Mathematics,,,
adhoc.makeup,available,58,24%,6,"Business,Engineering,Technology",,,
hexad.makeup,available,58,5%,5,Mathematics,,,
adient.makeup,available,58,4%,6,"Medicine,Science",,,
heptad.makeup,available,58,2%,6,Mathematics,,,
aucourant.makeup,available,58,3%,10,"Fashion,Media",,,
actuarial.makeup,available,58,8%,9,"Finance,Insurance,Mathematics",,,
centesimal.makeup,available,58,1%,10,Mathematics,,,
linear.makeup,available,58,22%,6,"Engineering,Mathematics,Science",,,
accented.makeup,available,58,3%,8,"Arts,Entertainment",,,
lxxx.makeup,available,58,2%,4,Mathematics,,,
alacarte.makeup,available,58,11%,10,Food and Beverage,,,
accretive.makeup,available,58,6%,9,"Banking,Finance,Insurance",,,
accoutred.makeup,available,58,1%,9,"Fashion,Manufacturing,Retail",,,
acyclic.makeup,available,58,4%,7,"Engineering,Mathematics,Science",,,
fifth.makeup,available,58,12%,5,Mathematics,,,
closeto.makeup,available,58,3%,8,"Business,Media,Technology",,,
quintet.makeup,available,58,8%,7,"Arts,Entertainment",,,
octad.makeup,available,58,5%,5,Mathematics,,,
fourscore.makeup,available,58,4%,9,Mathematics,,,
addible.makeup,available,58,2%,7,"Engineering,Mathematics,Science",,,
eighter.makeup,available,58,2%,7,Mathematics,,,
sextuplet.makeup,available,58,1%,9,Healthcare,,,
offhanded.makeup,available,58,1%,9,Entertainment,,,
niner.makeup,available,58,5%,5,Mathematics,,,
cypher.makeup,available,58,28%,6,Mathematics,,,
lxxviii.makeup,available,58,1%,7,Mathematics,,,
sixer.makeup,available,58,5%,5,Sports,,,
seventy.makeup,available,58,7%,7,Mathematics,,,
pentad.makeup,available,58,3%,6,Mathematics,,,
justabout.makeup,available,58,3%,10,"Business,Media,Technology",,,
fourth.makeup,available,58,13%,6,Mathematics,,,
abandoned.makeup,available,58,10%,9,"Construction,Real Estate",,,
abused.makeup,available,58,5%,6,"Healthcare,Law",,,
enwrapped.makeup,available,58,0%,9,"Entertainment,Fashion,Media",,,
sixtyone.makeup,available,58,5%,9,Mathematics,,,
abuzz.makeup,available,58,5%,5,"Entertainment,Media,Technology",,,
adjustive.makeup,available,58,1%,9,"Manufacturing,Retail,Technology",,,
addressed.makeup,available,58,3%,9,"Business,Technology,Telecommunications",,,
super.makeup,available,58,47%,5,Business,,,
ache.makeup,available,58,7%,4,Healthcare,,,
acetic.makeup,available,58,1%,6,"Food and Beverage,Science",,,
twelfth.makeup,available,58,2%,7,Mathematics,,,
xxxiv.makeup,available,56,1%,5,Mathematics,,,
fortynine.makeup,available,56,3%,10,Mathematics,,,
fiftyone.makeup,available,56,8%,9,Mathematics,,,
addled.makeup,available,56,2%,6,Entertainment,,,
xlvii.makeup,available,56,2%,5,Mathematics,,,
xlvi.makeup,available,56,3%,4,Mathematics,,,
xlii.makeup,available,56,5%,4,Mathematics,,,
xlv.makeup,available,56,6%,3,Mathematics,,,
xxxvi.makeup,available,56,1%,5,Mathematics,,,
potbellied.makeup,available,56,0%,10,"Health and Fitness,Medicine",,,
halfdozen.makeup,available,56,1%,10,Mathematics,,,
fortyone.makeup,available,56,5%,9,Mathematics,,,
abeyant.makeup,available,56,1%,7,"Business,Law",,,
lvii.makeup,available,56,2%,4,Mathematics,,,
liii.makeup,available,56,4%,4,Mathematics,,,
xxiii.makeup,available,56,4%,5,Mathematics,,,
xxix.makeup,available,56,4%,4,Mathematics,,,
xxiv.makeup,available,56,5%,4,Mathematics,,,
abdominous.makeup,available,56,0%,10,"Health and Fitness,Medicine",,,
admissive.makeup,available,56,1%,9,"Education,Healthcare,Hospitality",,,
xliii.makeup,available,56,1%,5,Mathematics,,,
xlviii.makeup,available,56,1%,6,Mathematics,,,
terzetto.makeup,available,56,3%,8,Arts,,,
fiftysix.makeup,available,56,4%,9,Mathematics,,,
xxxviii.makeup,available,56,1%,7,Mathematics,,,
accoutered.makeup,available,56,0%,10,"Fashion,Manufacturing,Retail",,,
ilx.makeup,available,56,6%,3,Mathematics,,,
triad.makeup,available,56,15%,5,Arts,,,
aone.makeup,available,56,15%,5,Food and Beverage,,,
xxxvii.makeup,available,56,2%,6,Mathematics,,,
admittable.makeup,available,56,1%,10,"Education,Healthcare,Hospitality",,,
fiftynine.makeup,available,56,4%,10,Mathematics,,,
xxxii.makeup,available,56,1%,5,Mathematics,,,
fortytwo.makeup,available,56,17%,9,Mathematics,,,
xxxiii.makeup,available,56,2%,6,Mathematics,,,
xxviii.makeup,available,56,1%,6,Mathematics,,,
xxxv.makeup,available,56,4%,4,Mathematics,,,
admittible.makeup,available,56,1%,10,"Education,Healthcare,Hospitality",,,
fiftyfive.makeup,available,56,8%,10,Mathematics,,,
xxvii.makeup,available,56,3%,5,Mathematics,,,
thirtytwo.makeup,available,56,4%,10,Mathematics,,,
lii.makeup,available,56,7%,3,Mathematics,,,
thirtyone.makeup,available,56,4%,10,Mathematics,,,
thirtysix.makeup,available,56,5%,10,Mathematics,,,
appressed.makeup,available,56,0%,9,"Agriculture,Manufacturing,Retail",,,
xliv.makeup,available,56,3%,4,Mathematics,,,
fiftyfour.makeup,available,56,4%,10,Mathematics,,,
fortysix.makeup,available,56,4%,9,Mathematics,,,
maledict.makeup,available,56,1%,8,Religion,,,
lviii.makeup,available,56,1%,5,Mathematics,,,
xxxi.makeup,available,56,8%,4,Mathematics,,,
xli.makeup,available,56,5%,3,Mathematics,,,
lvi.makeup,available,56,8%,3,Mathematics,,,
fiftytwo.makeup,available,56,6%,9,Mathematics,,,
fortyfive.makeup,available,54,5%,10,Mathematics,,,
quaternion.makeup,available,54,6%,10,Mathematics,,,
topnotch.makeup,available,54,18%,8,Business,,,
adpressed.makeup,available,54,0%,9,"Agriculture,Manufacturing,Retail",,,
acoustical.makeup,available,54,4%,10,Science,,,
actuated.makeup,available,54,2%,8,"Automotive,Manufacturing,Technology",,,
achromatic.makeup,available,54,4%,10,Science,,,
twoscore.makeup,available,54,2%,8,Mathematics,,,
deuceace.makeup,available,54,1%,9,Sports,,,
threescore.makeup,available,54,2%,10,Mathematics,,,
abatable.makeup,available,54,1%,8,Law,,,
ternion.makeup,available,54,3%,7,Mathematics,,,
abatic.makeup,available,54,1%,6,Science,,,
abaxial.makeup,available,54,1%,7,Science,,,
quatern.makeup,available,54,2%,7,Mathematics,,,
adjuratory.makeup,available,54,0%,10,"Law,Politics,Religion",,,
scratchy.makeup,available,54,3%,8,Fashion,,,
viii.makeup,available,54,6%,4,Mathematics,,,
achy.makeup,available,54,3%,4,Healthcare,,,
fin.makeup,available,54,30%,3,Finance,,,
quintuplet.makeup,available,54,1%,10,"Healthcare,Medicine,Science",,,
unnatural.makeup,available,54,4%,9,"Medicine,Science",,,
accursed.makeup,available,54,3%,8,"Entertainment,Media,Religion",,,
vii.makeup,available,54,13%,3,Mathematics,,,
accentual.makeup,available,54,3%,9,"Arts,Entertainment",,,
adducting.makeup,available,54,1%,9,"Engineering,Mathematics,Science",,,
adductive.makeup,available,54,0%,9,"Engineering,Mathematics,Science",,,
sise.makeup,available,54,5%,4,Mathematics,,,
adducent.makeup,available,54,1%,8,"Engineering,Mathematics,Science",,,
abasic.makeup,available,54,1%,6,Science,,,
adaxial.makeup,available,54,2%,7,Science,,,
abducens.makeup,available,54,1%,8,Medicine,,,
abient.makeup,available,54,1%,6,Science,,,
aboral.makeup,available,54,2%,6,Science,,,
abhorrent.makeup,available,54,1%,9,Humanities,,,
deserted.makeup,available,54,3%,8,"Hospitality,Real Estate",,,
monitory.makeup,available,54,3%,8,"Business,Education,Healthcare",,,
admonitory.makeup,available,54,0%,10,"Business,Education,Healthcare",,,
quaternity.makeup,available,54,4%,10,Mathematics,,,
quadruplet.makeup,available,54,1%,10,"Healthcare,Medicine,Science",,,
sestet.makeup,available,53,1%,6,Arts,,,
septet.makeup,available,53,1%,6,General,,,
lxxiv.makeup,available,52,1%,5,Mathematics,,,
lxxv.makeup,available,52,2%,4,Mathematics,,,
xciii.makeup,available,52,1%,5,Mathematics,,,
lxxxiii.makeup,available,52,1%,7,Mathematics,,,
lxxvi.makeup,available,52,1%,5,Mathematics,,,
adenoidal.makeup,available,52,1%,9,"Health and Fitness,Medicine,Science",,,
lxxxii.makeup,available,52,1%,6,Mathematics,,,
ablated.makeup,available,52,1%,7,Science,,,
aboulic.makeup,available,52,1%,7,Medicine,,,
xcvi.makeup,available,52,2%,4,Mathematics,,,
lxii.makeup,available,52,2%,4,Mathematics,,,
eightytwo.makeup,available,52,4%,10,Mathematics,,,
abysmal.makeup,available,52,4%,7,"Arts,Entertainment,Media",,,
sixtysix.makeup,available,52,5%,9,Mathematics,,,
lxvii.makeup,available,52,1%,5,Mathematics,,,
lxviii.makeup,available,52,2%,6,Mathematics,,,
ninetyone.makeup,available,52,5%,10,Mathematics,,,
lxv.makeup,available,52,5%,3,Mathematics,,,
xcv.makeup,available,52,7%,3,Mathematics,,,
repulsive.makeup,available,52,1%,9,Humanities,,,
ixl.makeup,available,52,9%,3,Mathematics,,,
chagrined.makeup,available,52,1%,9,Humanities,,,
sixtyfour.makeup,available,52,4%,10,Mathematics,,,
lxiii.makeup,available,52,2%,5,Mathematics,,,
odious.makeup,available,52,2%,6,"Entertainment,Humanities",,,
abominable.makeup,available,52,2%,10,"Entertainment,Humanities",,,
xcviii.makeup,available,52,1%,6,Mathematics,,,
ninetysix.makeup,available,52,4%,10,Mathematics,,,
lxxxvii.makeup,available,52,1%,7,Mathematics,,,
xcvii.makeup,available,52,1%,5,Mathematics,,,
decumbent.makeup,available,52,1%,9,"Healthcare,Medicine,Science",,,
lxxxiv.makeup,available,52,1%,6,Mathematics,,,
lxxxv.makeup,available,52,1%,5,Mathematics,,,
lxi.makeup,available,52,5%,3,Mathematics,,,
lxxxvi.makeup,available,52,1%,6,Mathematics,,,
littlejoe.makeup,available,52,2%,10,"Entertainment,Media",,,
lxxvii.makeup,available,52,2%,6,Mathematics,,,
lxxii.makeup,available,52,1%,5,Mathematics,,,
lxxiii.makeup,available,52,2%,6,Mathematics,,,
ninetytwo.makeup,available,52,4%,10,Mathematics,,,
uphill.makeup,available,52,7%,6,"Sports,Transportation,Travel",,,
lxvi.makeup,available,52,3%,4,Mathematics,,,
xci.makeup,available,52,4%,3,Mathematics,,,
tierce.makeup,available,52,3%,6,General,,,
sixtytwo.makeup,available,52,3%,9,Mathematics,,,
abusive.makeup,available,52,3%,7,"Healthcare,Law",,,
eightyone.makeup,available,52,3%,10,Mathematics,,,
lxxi.makeup,available,52,2%,4,Mathematics,,,
lxiv.makeup,available,52,3%,4,Mathematics,,,
abstruse.makeup,available,52,5%,8,"Humanities,Mathematics,Science",,,
lxxxi.makeup,available,52,1%,5,Mathematics,,,
ixc.makeup,available,52,5%,3,Mathematics,,,
repugnant.makeup,available,52,1%,9,Humanities,,,
xcii.makeup,available,52,2%,4,Mathematics,,,
xciv.makeup,available,52,2%,4,Mathematics,,,
sixtyfive.makeup,available,52,3%,10,Mathematics,,,
detestable.makeup,available,52,1%,10,Humanities,,,
scummy.makeup,available,50,1%,6,Humanities,,,
ogdoad.makeup,available,50,1%,6,Mathematics,,,
gillless.makeup,available,50,0%,9,Science,,,
abranchial.makeup,available,50,0%,10,Science,,,
abdicable.makeup,available,50,0%,9,Law,,,
abomasal.makeup,available,50,0%,8,Agriculture,,,
aculeated.makeup,available,50,0%,9,"Engineering,Medicine,Science",,,
cinque.makeup,available,50,7%,6,Mathematics,,,
acetose.makeup,available,50,1%,7,Science,,,
trine.makeup,available,50,11%,5,"General,Religion",,,
abbatial.makeup,available,50,0%,8,Religion,,,
acapnotic.makeup,available,50,0%,9,"Healthcare,Medicine,Science",,,
acquitted.makeup,available,50,1%,9,Law,,,
quint.makeup,available,50,13%,5,"Arts,Entertainment",,,
acerose.makeup,available,50,1%,7,Science,,,
acerb.makeup,available,50,2%,5,Science,,,
acaudal.makeup,available,50,1%,7,"Agriculture,Science",,,
spinous.makeup,available,50,1%,7,"Agriculture,Science",,,
acerbic.makeup,available,50,2%,7,"Arts,Humanities,Media",,,
abducting.makeup,available,50,0%,9,Medicine,,,
adhominem.makeup,available,50,2%,10,"Humanities,Law,Politics",,,
vinegary.makeup,available,50,1%,8,Food and Beverage,,,
acetous.makeup,available,50,1%,7,Science,,,
acellular.makeup,available,50,1%,9,Science,,,
lxx.makeup,available,50,5%,3,Mathematics,,,
aborticide.makeup,available,50,0%,10,Medicine,,,
triplet.makeup,available,50,8%,7,Science,,,
acapnic.makeup,available,50,0%,7,"Healthcare,Medicine,Science",,,
adactylous.makeup,available,50,0%,10,Science,,,
abactinal.makeup,available,50,0%,9,Science,,,
broached.makeup,available,50,0%,8,Food and Beverage,,,
needlelike.makeup,available,50,0%,10,"Engineering,Medicine,Science",,,
lxxxviii.makeup,available,48,1%,8,Mathematics,,,
notguilty.makeup,available,48,5%,10,Law,,,
ilxx.makeup,available,48,1%,4,Mathematics,,,
abyssal.makeup,available,48,12%,7,"Arts,Entertainment,Media",,,
ilxxx.makeup,available,48,1%,5,Mathematics,,,
execrable.makeup,available,48,0%,9,"Entertainment,Humanities",,,
abstracted.makeup,available,48,5%,10,"Arts,Humanities,Science",,,
apriori.makeup,available,48,13%,8,Mathematics,,,
quaternary.makeup,available,46,3%,10,Mathematics,,,
acanthoid.makeup,available,46,1%,9,"Agriculture,Science",,,
acephalous.makeup,available,46,1%,10,Science,,,
acetylic.makeup,available,46,1%,8,Science,,,
achenial.makeup,available,46,1%,8,Science,,,
acanthotic.makeup,available,46,0%,10,"Agriculture,Science",,,
acaudate.makeup,available,46,1%,8,"Agriculture,Science",,,
vinegarish.makeup,available,46,1%,10,Food and Beverage,,,
achromic.makeup,available,46,2%,8,Science,,,
acheronian.makeup,available,46,1%,10,Humanities,,,
acarpelous.makeup,available,46,0%,10,"Agriculture,Science",,,
achromous.makeup,available,46,1%,9,Science,,,
cotyloid.makeup,available,46,1%,8,Science,,,
acetabular.makeup,available,46,1%,10,Science,,,
acanthous.makeup,available,46,0%,9,"Agriculture,Science",,,
acarpous.makeup,available,46,0%,8,"Agriculture,Science",,,
stripling.makeup,available,46,2%,9,"Education,Entertainment,Healthcare",,,
stemless.makeup,available,46,2%,8,"Agriculture,Science",,,
acetylenic.makeup,available,46,1%,10,Science,,,
acicular.makeup,available,46,2%,8,Science,,,
acetonic.makeup,available,46,1%,8,Science,,,
theabsurd.makeup,available,46,1%,10,"Arts,Entertainment,Media",,,
acapnial.makeup,available,46,0%,8,"Healthcare,Medicine,Science",,,
acherontic.makeup,available,44,1%,10,Humanities,,,
accusatory.makeup,available,44,1%,10,Law,,,
cotyloidal.makeup,available,44,1%,10,Science,,,
phoebe.makeup,available,41,14%,6,Science,,,
abscessed.makeup,available,41,0%,9,Healthcare,,,
scurrilous.makeup,available,40,1%,10,"Entertainment,Media,Politics",,,
accusive.makeup,available,40,1%,8,Law,,,
accurst.makeup,available,40,1%,7,Religion,,,